capi.pubgmobile,
stef_gaming0,
1eazypgm,
4ubabayt_,
mightysky_,
966_naruto1v4,
stef_gamingg,
nullfps,
mono.2248,
iamsolso,
justbabyorg7,
fakestar_,
targetpubg1,
munazer_gamer,
3m_milad.officiall,
wanted.pubg.yt,
1dinooo,
janicka.gaming,
n1enzo,
ava.pdp,
paydar33,
blacky.pubgm,
playboypubgm,
6pmfestina,
966xb4m,
gaming.amina,
mariaa.al17,
dhuubo101,
evar.kurd.gaming,
mixhagaming1,
noheadx,
policeyt7,
d.i.n.eee,
doms_salar,
966_4star1v4,
pubgenix,
capido_87,
tiktokminze,
katakuri_gaming,
mrargile,
kikicatgaming,
euemaxi,
zoeepubgm,
cocoyt_,
pubgmkiriiii,
capi_chuloo,
